Non Terminal,PLUS,MINUS,MUL,DIV,LT,GT,COLON,RANGEOP,SEMICOLON,COMMA,SQBO,SQBC,BO,BC,LE,GE,EQ,NE,DEF,ENDDEF,ASSIGN_OP,COMMENTMARK,DRIVERDEF,DRIVERENDDEF,ID,NUM,RNUM,INTEGER,REAL,BOOLEAN,OF,ARRAY,START,END,DECLARE,MODULE,DRIVER,PROGRAM,GET_VALUE,PRINT,USE,WITH,PARAMETERS,TAKES,INPUT,RETURNS,FOR,IN,SWITCH,CASE,BREAK,DEFAULT,WHILE,AND,OR,TRUE,FALSE,INVALID,DOLLAR,EPSILON,
Pro,Error ,Error ,Error ,Error ,Error ,Error ,Error ,Error ,Error ,Error ,Error ,Error ,Error ,Error ,Error ,Error ,Error ,Error ,Pro -> 504 520 moduleDeclarations otherModules driverModule otherModules ,Error ,Error ,Error ,Pro -> 504 520 moduleDeclarations otherModules driverModule otherModules ,Error ,Error ,Error ,Error ,Error ,Error ,Error ,Error ,Error ,Error ,Error ,Pro -> 504 520 moduleDeclarations otherModules driverModule otherModules ,Error ,Error ,Error ,Error ,Error ,Error ,Error ,Error ,Error ,Error ,Error ,Error ,Error ,Error ,Error ,Error ,Error ,Error ,Error ,Error ,Error ,Error ,Error ,Error ,Error ,
moduleDeclarations,Error ,Error ,Error ,Error ,Error ,Error ,Error ,Error ,Error ,Error ,Error ,Error ,Error ,Error ,Error ,Error ,Error ,Error ,moduleDeclarations -> EPSILON ,Error ,Error ,Error ,moduleDeclarations -> EPSILON ,Error ,Error ,Error ,Error ,Error ,Error ,Error ,Error ,Error ,Error ,Error ,moduleDeclarations -> moduleDeclaration moduleDeclarations ,Error ,Error ,Error ,Error ,Error ,Error ,Error ,Error ,Error ,Error ,Error ,Error ,Error ,Error ,Error ,Error ,Error ,Error ,Error ,Error ,Error ,Error ,Error ,Error ,Error ,
otherModules,Error ,Error ,Error ,Error ,Error ,Error ,Error ,Error ,Error ,Error ,Error ,Error ,Error ,Error ,Error ,Error ,Error ,Error ,otherModules -> module otherModules ,Error ,Error ,Error ,otherModules -> EPSILON ,Error ,Error ,Error ,Error ,Error ,Error ,Error ,Error ,Error ,Error ,Error ,Error ,Error ,Error ,Error ,Error ,Error ,Error ,Error ,Error ,Error ,Error ,Error ,Error ,Error ,Error ,Error ,Error ,Error ,Error ,Error ,Error ,Error ,Error ,Error ,otherModules -> EPSILON ,Error ,
driverModule,Error ,Error ,Error ,Error ,Error ,Error ,Error ,Error ,Error ,Error ,Error ,Error ,Error ,Error ,Error ,Error ,Error ,Error ,Error ,Error ,Error ,Error ,driverModule -> DRIVERDEF DRIVER PROGRAM DRIVERENDDEF 501 driverModuleDef ,Error ,Error ,Error ,Error ,Error ,Error ,Error ,Error ,Error ,Error ,Error ,Error ,Error ,Error ,Error ,Error ,Error ,Error ,Error ,Error ,Error ,Error ,Error ,Error ,Error ,Error ,Error ,Error ,Error ,Error ,Error ,Error ,Error ,Error ,Error ,Error ,Error ,
moduleDeclaration,Error ,Error ,Error ,Error ,Error ,Error ,Error ,Error ,Error ,Error ,Error ,Error ,Error ,Error ,Error ,Error ,Error ,Error ,Error ,Error ,Error ,Error ,Error ,Error ,Error ,Error ,Error ,Error ,Error ,Error ,Error ,Error ,Error ,Error ,moduleDeclaration -> DECLARE MODULE 521 ID SEMICOLON ,Error ,Error ,Error ,Error ,Error ,Error ,Error ,Error ,Error ,Error ,Error ,Error ,Error ,Error ,Error ,Error ,Error ,Error ,Error ,Error ,Error ,Error ,Error ,Error ,Error ,
module,Error ,Error ,Error ,Error ,Error ,Error ,Error ,Error ,Error ,Error ,Error ,Error ,Error ,Error ,Error ,Error ,Error ,Error ,module -> DEF 522 MODULE 523 ID ENDDEF TAKES INPUT 524 SQBO inputParameterList SQBC SEMICOLON returnList moduleDef ,Error ,Error ,Error ,Error ,Error ,Error ,Error ,Error ,Error ,Error ,Error ,Error ,Error ,Error ,Error ,Error ,Error ,Error ,Error ,Error ,Error ,Error ,Error ,Error ,Error ,Error ,Error ,Error ,Error ,Error ,Error ,Error ,Error ,Error ,Error ,Error ,Error ,Error ,Error ,Error ,Error ,
moduleDef,Error ,Error ,Error ,Error ,Error ,Error ,Error ,Error ,Error ,Error ,Error ,Error ,Error ,Error ,Error ,Error ,Error ,Error ,Error ,Error ,Error ,Error ,Error ,Error ,Error ,Error ,Error ,Error ,Error ,Error ,Error ,Error ,moduleDef -> 540 START statements 541 END ,Error ,Error ,Error ,Error ,Error ,Error ,Error ,Error ,Error ,Error ,Error ,Error ,Error ,Error ,Error ,Error ,Error ,Error ,Error ,Error ,Error ,Error ,Error ,Error ,Error ,Error ,Error ,
driverModuleDef,Error ,Error ,Error ,Error ,Error ,Error ,Error ,Error ,Error ,Error ,Error ,Error ,Error ,Error ,Error ,Error ,Error ,Error ,Error ,Error ,Error ,Error ,Error ,Error ,Error ,Error ,Error ,Error ,Error ,Error ,Error ,Error ,driverModuleDef -> START statements 505 END ,Error ,Error ,Error ,Error ,Error ,Error ,Error ,Error ,Error ,Error ,Error ,Error ,Error ,Error ,Error ,Error ,Error ,Error ,Error ,Error ,Error ,Error ,Error ,Error ,Error ,Error ,Error ,
inputParameterList,Error ,Error ,Error ,Error ,Error ,Error ,Error ,Error ,Error ,Error ,Error ,Error ,Error ,Error ,Error ,Error ,Error ,Error ,Error ,Error ,Error ,Error ,Error ,Error ,inputParameterList -> 525 ID COLON iplDataType 532 ZInputParameterList ,Error ,Error ,Error ,Error ,Error ,Error ,Error ,Error ,Error ,Error ,Error ,Error ,Error ,Error ,Error ,Error ,Error ,Error ,Error ,Error ,Error ,Error ,Error ,Error ,Error ,Error ,Error ,Error ,Error ,Error ,Error ,Error ,Error ,Error ,Error ,
ZInputParameterList,Error ,Error ,Error ,Error ,Error ,Error ,Error ,Error ,Error ,ZInputParameterList -> COMMA 525 ID COLON iplDataType 532 ZInputParameterList ,Error ,ZInputParameterList -> EPSILON 533 ,Error ,Error ,Error ,Error ,Error ,Error ,Error ,Error ,Error ,Error ,Error ,Error ,Error ,Error ,Error ,Error ,Error ,Error ,Error ,Error ,Error ,Error ,Error ,Error ,Error ,Error ,Error ,Error ,Error ,Error ,Error ,Error ,Error ,Error ,Error ,Error ,Error ,Error ,Error ,Error ,Error ,Error ,Error ,Error ,Error ,Error ,Error ,Error ,
returnList,Error ,Error ,Error ,Error ,Error ,Error ,Error ,Error ,Error ,Error ,Error ,Error ,Error ,Error ,Error ,Error ,Error ,Error ,Error ,Error ,Error ,Error ,Error ,Error ,Error ,Error ,Error ,Error ,Error ,Error ,Error ,Error ,returnList -> EPSILON 535 ,Error ,Error ,Error ,Error ,Error ,Error ,Error ,Error ,Error ,Error ,Error ,Error ,returnList -> RETURNS 534 SQBO outputParameterList SQBC SEMICOLON ,Error ,Error ,Error ,Error ,Error ,Error ,Error ,Error ,Error ,Error ,Error ,Error ,Error ,Error ,
outputParameterList,Error ,Error ,Error ,Error ,Error ,Error ,Error ,Error ,Error ,Error ,Error ,Error ,Error ,Error ,Error ,Error ,Error ,Error ,Error ,Error ,Error ,Error ,Error ,Error ,outputParameterList -> 536 ID COLON 537 dataType 538 ZOutputParameterList ,Error ,Error ,Error ,Error ,Error ,Error ,Error ,Error ,Error ,Error ,Error ,Error ,Error ,Error ,Error ,Error ,Error ,Error ,Error ,Error ,Error ,Error ,Error ,Error ,Error ,Error ,Error ,Error ,Error ,Error ,Error ,Error ,Error ,Error ,Error ,
ZOutputParameterList,Error ,Error ,Error ,Error ,Error ,Error ,Error ,Error ,Error ,ZOutputParameterList -> COMMA 536 ID COLON 537 dataType 538 ZOutputParameterList ,Error ,ZOutputParameterList -> EPSILON 539 ,Error ,Error ,Error ,Error ,Error ,Error ,Error ,Error ,Error ,Error ,Error ,Error ,Error ,Error ,Error ,Error ,Error ,Error ,Error ,Error ,Error ,Error ,Error ,Error ,Error ,Error ,Error ,Error ,Error ,Error ,Error ,Error ,Error ,Error ,Error ,Error ,Error ,Error ,Error ,Error ,Error ,Error ,Error ,Error ,Error ,Error ,Error ,Error ,
dataType,Error ,Error ,Error ,Error ,Error ,Error ,Error ,Error ,Error ,Error ,Error ,Error ,Error ,Error ,Error ,Error ,Error ,Error ,Error ,Error ,Error ,Error ,Error ,Error ,Error ,Error ,Error ,dataType -> INTEGER ,dataType -> REAL ,dataType -> BOOLEAN ,Error ,Error ,Error ,Error ,Error ,Error ,Error ,Error ,Error ,Error ,Error ,Error ,Error ,Error ,Error ,Error ,Error ,Error ,Error ,Error ,Error ,Error ,Error ,Error ,Error ,Error ,Error ,Error ,Error ,Error ,
arrayDataType,Error ,Error ,Error ,Error ,Error ,Error ,Error ,Error ,Error ,Error ,Error ,Error ,Error ,Error ,Error ,Error ,Error ,Error ,Error ,Error ,Error ,Error ,Error ,Error ,Error ,Error ,Error ,Error ,Error ,Error ,Error ,arrayDataType -> 527 ARRAY SQBO range SQBC OF 542 dataType ,Error ,Error ,Error ,Error ,Error ,Error ,Error ,Error ,Error ,Error ,Error ,Error ,Error ,Error ,Error ,Error ,Error ,Error ,Error ,Error ,Error ,Error ,Error ,Error ,Error ,Error ,Error ,Error ,
range,range -> 528 Sign remainingRange ,range -> 528 Sign remainingRange ,Error ,Error ,Error ,Error ,Error ,Error ,Error ,Error ,Error ,Error ,Error ,Error ,Error ,Error ,Error ,Error ,Error ,Error ,Error ,Error ,Error ,Error ,range -> 528 Sign remainingRange ,range -> 528 Sign remainingRange ,Error ,Error ,Error ,Error ,Error ,Error ,Error ,Error ,Error ,Error ,Error ,Error ,Error ,Error ,Error ,Error ,Error ,Error ,Error ,Error ,Error ,Error ,Error ,Error ,Error ,Error ,Error ,Error ,Error ,Error ,Error ,Error ,Error ,Error ,
statements,Error ,Error ,Error ,Error ,Error ,Error ,Error ,Error ,Error ,statements -> statement statements ,statements -> statement statements ,Error ,Error ,Error ,Error ,Error ,Error ,Error ,Error ,Error ,statements -> statement statements ,Error ,Error ,Error ,statements -> statement statements ,Error ,Error ,Error ,Error ,Error ,Error ,Error ,Error ,statements -> EPSILON ,statements -> statement statements ,Error ,Error ,Error ,statements -> statement statements ,statements -> statement statements ,statements -> statement statements ,Error ,Error ,Error ,Error ,Error ,statements -> statement statements ,Error ,statements -> statement statements ,Error ,statements -> EPSILON ,Error ,statements -> statement statements ,Error ,Error ,Error ,Error ,Error ,Error ,Error ,
statement,Error ,Error ,Error ,Error ,Error ,Error ,Error ,Error ,Error ,statement -> COMMA arithmeticOrBooleanExpression SEMICOLON 512 ,statement -> simpleStatement ,Error ,Error ,Error ,Error ,Error ,Error ,Error ,Error ,Error ,statement -> ASSIGN_OP unaryExpression SEMICOLON 512 ,Error ,Error ,Error ,statement -> simpleStatement ,Error ,Error ,Error ,Error ,Error ,Error ,Error ,Error ,Error ,statement -> declareStatement ,Error ,Error ,Error ,statement -> ioStatement ,statement -> ioStatement ,statement -> simpleStatement ,Error ,Error ,Error ,Error ,Error ,statement -> iterativeStatement ,Error ,statement -> conditionalStatement ,Error ,Error ,Error ,statement -> iterativeStatement ,Error ,Error ,Error ,Error ,Error ,Error ,Error ,
ioStatement,Error ,Error ,Error ,Error ,Error ,Error ,Error ,Error ,Error ,Error ,Error ,Error ,Error ,Error ,Error ,Error ,Error ,Error ,Error ,Error ,Error ,Error ,Error ,Error ,Error ,Error ,Error ,Error ,Error ,Error ,Error ,Error ,Error ,Error ,Error ,Error ,Error ,Error ,ioStatement -> GET_VALUE 502 BO 503 ID BC SEMICOLON ,ioStatement -> PRINT 506 BO itemInPrint BC SEMICOLON ,Error ,Error ,Error ,Error ,Error ,Error ,Error ,Error ,Error ,Error ,Error ,Error ,Error ,Error ,Error ,Error ,Error ,Error ,Error ,Error ,
simpleStatement,Error ,Error ,Error ,Error ,Error ,Error ,Error ,Error ,Error ,Error ,simpleStatement -> moduleUseStatement ,Error ,Error ,Error ,Error ,Error ,Error ,Error ,Error ,Error ,Error ,Error ,Error ,Error ,simpleStatement -> assignmentStatement ,Error ,Error ,Error ,Error ,Error ,Error ,Error ,Error ,Error ,Error ,Error ,Error ,Error ,Error ,Error ,simpleStatement -> moduleUseStatement ,Error ,Error ,Error ,Error ,Error ,Error ,Error ,Error ,Error ,Error ,Error ,Error ,Error ,Error ,Error ,Error ,Error ,Error ,Error ,
declareStatement,Error ,Error ,Error ,Error ,Error ,Error ,Error ,Error ,Error ,Error ,Error ,Error ,Error ,Error ,Error ,Error ,Error ,Error ,Error ,Error ,Error ,Error ,Error ,Error ,Error ,Error ,Error ,Error ,Error ,Error ,Error ,Error ,Error ,Error ,declareStatement -> DECLARE 561 idList COLON idlDataType SEMICOLON ,Error ,Error ,Error ,Error ,Error ,Error ,Error ,Error ,Error ,Error ,Error ,Error ,Error ,Error ,Error ,Error ,Error ,Error ,Error ,Error ,Error ,Error ,Error ,Error ,Error ,
conditionalStatement,Error ,Error ,Error ,Error ,Error ,Error ,Error ,Error ,Error ,Error ,Error ,Error ,Error ,Error ,Error ,Error ,Error ,Error ,Error ,Error ,Error ,Error ,Error ,Error ,Error ,Error ,Error ,Error ,Error ,Error ,Error ,Error ,Error ,Error ,Error ,Error ,Error ,Error ,Error ,Error ,Error ,Error ,Error ,Error ,Error ,Error ,Error ,Error ,conditionalStatement -> SWITCH 510 BO 511 ID BC START caseStatement caseStatements default1 512 END ,Error ,Error ,Error ,Error ,Error ,Error ,Error ,Error ,Error ,Error ,Error ,
iterativeStatement,Error ,Error ,Error ,Error ,Error ,Error ,Error ,Error ,Error ,Error ,Error ,Error ,Error ,Error ,Error ,Error ,Error ,Error ,Error ,Error ,Error ,Error ,Error ,Error ,Error ,Error ,Error ,Error ,Error ,Error ,Error ,Error ,Error ,Error ,Error ,Error ,Error ,Error ,Error ,Error ,Error ,Error ,Error ,Error ,Error ,Error ,iterativeStatement -> FOR BO 543 ID IN forRange BC START statements 548 END ,Error ,Error ,Error ,Error ,Error ,iterativeStatement -> WHILE 572 BO arithmeticOrBooleanExpression 573 BC START 574 statements 575 END ,Error ,Error ,Error ,Error ,Error ,Error ,Error ,
Nconst,Nconst -> Sign Numorrnum ,Nconst -> Sign Numorrnum ,Error ,Error ,Error ,Error ,Error ,Error ,Error ,Error ,Error ,Error ,Error ,Error ,Error ,Error ,Error ,Error ,Error ,Error ,Error ,Error ,Error ,Error ,Error ,Nconst -> Sign Numorrnum ,Nconst -> Sign Numorrnum ,Error ,Error ,Error ,Error ,Error ,Error ,Error ,Error ,Error ,Error ,Error ,Error ,Error ,Error ,Error ,Error ,Error ,Error ,Error ,Error ,Error ,Error ,Error ,Error ,Error ,Error ,Error ,Error ,Error ,Error ,Error ,Error ,Error ,
booleanConstant,Error ,Error ,Error ,Error ,Error ,Error ,Error ,Error ,Error ,Error ,Error ,Error ,Error ,Error ,Error ,Error ,Error ,Error ,Error ,Error ,Error ,Error ,Error ,Error ,Error ,Error ,Error ,Error ,Error ,Error ,Error ,Error ,Error ,Error ,Error ,Error ,Error ,Error ,Error ,Error ,Error ,Error ,Error ,Error ,Error ,Error ,Error ,Error ,Error ,Error ,Error ,Error ,Error ,Error ,Error ,booleanConstant -> TRUE ,booleanConstant -> FALSE ,Error ,Error ,Error ,
Numorrnum,Error ,Error ,Error ,Error ,Error ,Error ,Error ,Error ,Error ,Error ,Error ,Error ,Error ,Error ,Error ,Error ,Error ,Error ,Error ,Error ,Error ,Error ,Error ,Error ,Error ,Numorrnum -> NUM ,Numorrnum -> RNUM ,Error ,Error ,Error ,Error ,Error ,Error ,Error ,Error ,Error ,Error ,Error ,Error ,Error ,Error ,Error ,Error ,Error ,Error ,Error ,Error ,Error ,Error ,Error ,Error ,Error ,Error ,Error ,Error ,Error ,Error ,Error ,Error ,Error ,
assignmentStatement,Error ,Error ,Error ,Error ,Error ,Error ,Error ,Error ,Error ,Error ,Error ,Error ,Error ,Error ,Error ,Error ,Error ,Error ,Error ,Error ,Error ,Error ,Error ,Error ,assignmentStatement -> 567 ID whichAssignment ,Error ,Error ,Error ,Error ,Error ,Error ,Error ,Error ,Error ,Error ,Error ,Error ,Error ,Error ,Error ,Error ,Error ,Error ,Error ,Error ,Error ,Error ,Error ,Error ,Error ,Error ,Error ,Error ,Error ,Error ,Error ,Error ,Error ,Error ,Error ,
moduleUseStatement,Error ,Error ,Error ,Error ,Error ,Error ,Error ,Error ,Error ,Error ,moduleUseStatement -> 576 Opt USE MODULE 577 ID WITH PARAMETERS parameterList 582 SEMICOLON ,Error ,Error ,Error ,Error ,Error ,Error ,Error ,Error ,Error ,Error ,Error ,Error ,Error ,Error ,Error ,Error ,Error ,Error ,Error ,Error ,Error ,Error ,Error ,Error ,Error ,Error ,Error ,Error ,Error ,moduleUseStatement -> 576 Opt USE MODULE 577 ID WITH PARAMETERS parameterList 582 SEMICOLON ,Error ,Error ,Error ,Error ,Error ,Error ,Error ,Error ,Error ,Error ,Error ,Error ,Error ,Error ,Error ,Error ,Error ,Error ,Error ,
whichAssignment,Error ,Error ,Error ,Error ,Error ,Error ,Error ,Error ,Error ,Error ,whichAssignment -> leftValueArray ,Error ,Error ,Error ,Error ,Error ,Error ,Error ,Error ,Error ,whichAssignment -> leftValueId ,Error ,Error ,Error ,Error ,Error ,Error ,Error ,Error ,Error ,Error ,Error ,Error ,Error ,Error ,Error ,Error ,Error ,Error ,Error ,Error ,Error ,Error ,Error ,Error ,Error ,Error ,Error ,Error ,Error ,Error ,Error ,Error ,Error ,Error ,Error ,Error ,Error ,Error ,Error ,
leftValueId,Error ,Error ,Error ,Error ,Error ,Error ,Error ,Error ,Error ,Error ,Error ,Error ,Error ,Error ,Error ,Error ,Error ,Error ,Error ,Error ,leftValueId -> 568 ASSIGN_OP Expr 569 SEMICOLON 570 ,Error ,Error ,Error ,Error ,Error ,Error ,Error ,Error ,Error ,Error ,Error ,Error ,Error ,Error ,Error ,Error ,Error ,Error ,Error ,Error ,Error ,Error ,Error ,Error ,Error ,Error ,Error ,Error ,Error ,Error ,Error ,Error ,Error ,Error ,Error ,Error ,Error ,Error ,Error ,
leftValueArray,Error ,Error ,Error ,Error ,Error ,Error ,Error ,Error ,Error ,Error ,leftValueArray -> 571 SQBO arrayIndex 557 SQBC 568 ASSIGN_OP Expr 569 SEMICOLON 570 ,Error ,Error ,Error ,Error ,Error ,Error ,Error ,Error ,Error ,Error ,Error ,Error ,Error ,Error ,Error ,Error ,Error ,Error ,Error ,Error ,Error ,Error ,Error ,Error ,Error ,Error ,Error ,Error ,Error ,Error ,Error ,Error ,Error ,Error ,Error ,Error ,Error ,Error ,Error ,Error ,Error ,Error ,Error ,Error ,Error ,Error ,Error ,Error ,Error ,
Expr,Expr -> unaryExpression ,Expr -> unaryExpression ,Error ,Error ,Error ,Error ,Error ,Error ,Error ,Error ,Error ,Error ,Expr -> arithmeticOrBooleanExpression ,Error ,Error ,Error ,Error ,Error ,Error ,Error ,Error ,Error ,Error ,Error ,Expr -> arithmeticOrBooleanExpression ,Expr -> arithmeticOrBooleanExpression ,Expr -> arithmeticOrBooleanExpression ,Error ,Error ,Error ,Error ,Error ,Error ,Error ,Error ,Error ,Error ,Error ,Error ,Error ,Error ,Error ,Error ,Error ,Error ,Error ,Error ,Error ,Error ,Error ,Error ,Error ,Error ,Error ,Error ,Expr -> arithmeticOrBooleanExpression ,Expr -> arithmeticOrBooleanExpression ,Error ,Error ,Error ,
arrayIndex,arrayIndex -> 558 Sign 560 arrayExpression 559 ,arrayIndex -> 558 Sign 560 arrayExpression 559 ,Error ,Error ,Error ,Error ,Error ,Error ,Error ,Error ,Error ,Error ,arrayIndex -> 558 Sign 560 arrayExpression 559 ,Error ,Error ,Error ,Error ,Error ,Error ,Error ,Error ,Error ,Error ,Error ,arrayIndex -> 558 Sign 560 arrayExpression 559 ,arrayIndex -> 558 Sign 560 arrayExpression 559 ,Error ,Error ,Error ,Error ,Error ,Error ,Error ,Error ,Error ,Error ,Error ,Error ,Error ,Error ,Error ,Error ,Error ,Error ,Error ,Error ,Error ,Error ,Error ,Error ,Error ,Error ,Error ,Error ,Error ,arrayIndex -> 558 Sign 560 arrayExpression 559 ,arrayIndex -> 558 Sign 560 arrayExpression 559 ,Error ,Error ,Error ,
arrayExpression,Error ,Error ,Error ,Error ,Error ,Error ,Error ,Error ,Error ,Error ,Error ,Error ,arrayExpression -> arrayTerm ZArrayExpression ,Error ,Error ,Error ,Error ,Error ,Error ,Error ,Error ,Error ,Error ,Error ,arrayExpression -> arrayTerm ZArrayExpression ,arrayExpression -> arrayTerm ZArrayExpression ,Error ,Error ,Error ,Error ,Error ,Error ,Error ,Error ,Error ,Error ,Error ,Error ,Error ,Error ,Error ,Error ,Error ,Error ,Error ,Error ,Error ,Error ,Error ,Error ,Error ,Error ,Error ,Error ,Error ,arrayExpression -> arrayTerm ZArrayExpression ,arrayExpression -> arrayTerm ZArrayExpression ,Error ,Error ,Error ,
ZArrayExpression,ZArrayExpression -> 552 addSubOp 553 arrayTerm 554 ZArrayExpression ,ZArrayExpression -> 552 addSubOp 553 arrayTerm 554 ZArrayExpression ,Error ,Error ,Error ,Error ,Error ,Error ,Error ,Error ,Error ,ZArrayExpression -> EPSILON ,Error ,ZArrayExpression -> EPSILON ,Error ,Error ,Error ,Error ,Error ,Error ,Error ,Error ,Error ,Error ,Error ,Error ,Error ,Error ,Error ,Error ,Error ,Error ,Error ,Error ,Error ,Error ,Error ,Error ,Error ,Error ,Error ,Error ,Error ,Error ,Error ,Error ,Error ,Error ,Error ,Error ,Error ,Error ,Error ,Error ,Error ,Error ,Error ,Error ,Error ,Error ,
arrayTerm,Error ,Error ,Error ,Error ,Error ,Error ,Error ,Error ,Error ,Error ,Error ,Error ,arrayTerm -> arrayFactor ZArrayTerm ,Error ,Error ,Error ,Error ,Error ,Error ,Error ,Error ,Error ,Error ,Error ,arrayTerm -> arrayFactor ZArrayTerm ,arrayTerm -> arrayFactor ZArrayTerm ,Error ,Error ,Error ,Error ,Error ,Error ,Error ,Error ,Error ,Error ,Error ,Error ,Error ,Error ,Error ,Error ,Error ,Error ,Error ,Error ,Error ,Error ,Error ,Error ,Error ,Error ,Error ,Error ,Error ,arrayTerm -> arrayFactor ZArrayTerm ,arrayTerm -> arrayFactor ZArrayTerm ,Error ,Error ,Error ,
ZArrayTerm,ZArrayTerm -> EPSILON ,ZArrayTerm -> EPSILON ,ZArrayTerm -> 552 mulDivOp 553 arrayFactor 554 ZArrayTerm ,ZArrayTerm -> 552 mulDivOp 553 arrayFactor 554 ZArrayTerm ,Error ,Error ,Error ,Error ,Error ,Error ,Error ,ZArrayTerm -> EPSILON ,Error ,ZArrayTerm -> EPSILON ,Error ,Error ,Error ,Error ,Error ,Error ,Error ,Error ,Error ,Error ,Error ,Error ,Error ,Error ,Error ,Error ,Error ,Error ,Error ,Error ,Error ,Error ,Error ,Error ,Error ,Error ,Error ,Error ,Error ,Error ,Error ,Error ,Error ,Error ,Error ,Error ,Error ,Error ,Error ,Error ,Error ,Error ,Error ,Error ,Error ,Error ,
arrayFactor,Error ,Error ,Error ,Error ,Error ,Error ,Error ,Error ,Error ,Error ,Error ,Error ,arrayFactor -> BO arrayExpression BC ,Error ,Error ,Error ,Error ,Error ,Error ,Error ,Error ,Error ,Error ,Error ,arrayFactor -> 555 ID ,arrayFactor -> 549 NUM ,Error ,Error ,Error ,Error ,Error ,Error ,Error ,Error ,Error ,Error ,Error ,Error ,Error ,Error ,Error ,Error ,Error ,Error ,Error ,Error ,Error ,Error ,Error ,Error ,Error ,Error ,Error ,Error ,Error ,arrayFactor -> 551 booleanConstant ,arrayFactor -> 551 booleanConstant ,Error ,Error ,Error ,
Opt,Error ,Error ,Error ,Error ,Error ,Error ,Error ,Error ,Error ,Error ,Opt -> SQBO idList SQBC ASSIGN_OP ,Error ,Error ,Error ,Error ,Error ,Error ,Error ,Error ,Error ,Error ,Error ,Error ,Error ,Error ,Error ,Error ,Error ,Error ,Error ,Error ,Error ,Error ,Error ,Error ,Error ,Error ,Error ,Error ,Error ,Opt -> EPSILON ,Error ,Error ,Error ,Error ,Error ,Error ,Error ,Error ,Error ,Error ,Error ,Error ,Error ,Error ,Error ,Error ,Error ,Error ,Error ,
idList,Error ,Error ,Error ,Error ,Error ,Error ,Error ,Error ,Error ,Error ,Error ,Error ,Error ,Error ,Error ,Error ,Error ,Error ,Error ,Error ,Error ,Error ,Error ,Error ,idList -> 562 ID ZIdList ,Error ,Error ,Error ,Error ,Error ,Error ,Error ,Error ,Error ,Error ,Error ,Error ,Error ,Error ,Error ,Error ,Error ,Error ,Error ,Error ,Error ,Error ,Error ,Error ,Error ,Error ,Error ,Error ,Error ,Error ,Error ,Error ,Error ,Error ,Error ,
arithmeticExpression,Error ,Error ,Error ,Error ,Error ,Error ,Error ,Error ,Error ,Error ,Error ,Error ,arithmeticExpression -> arithmeticTerm ZArithmeticExpression ,Error ,Error ,Error ,Error ,Error ,Error ,Error ,Error ,Error ,Error ,Error ,arithmeticExpression -> arithmeticTerm ZArithmeticExpression ,arithmeticExpression -> arithmeticTerm ZArithmeticExpression ,arithmeticExpression -> arithmeticTerm ZArithmeticExpression ,Error ,Error ,Error ,Error ,Error ,Error ,Error ,Error ,Error ,Error ,Error ,Error ,Error ,Error ,Error ,Error ,Error ,Error ,Error ,Error ,Error ,Error ,Error ,Error ,Error ,Error ,Error ,Error ,arithmeticExpression -> arithmeticTerm ZArithmeticExpression ,arithmeticExpression -> arithmeticTerm ZArithmeticExpression ,Error ,Error ,Error ,
ZArithmeticExpression,ZArithmeticExpression -> 552 addSubOp 553 arithmeticTerm 554 ZArithmeticExpression ,ZArithmeticExpression -> 552 addSubOp 553 arithmeticTerm 554 ZArithmeticExpression ,Error ,Error ,ZArithmeticExpression -> EPSILON ,ZArithmeticExpression -> EPSILON ,Error ,Error ,ZArithmeticExpression -> EPSILON ,Error ,Error ,Error ,Error ,ZArithmeticExpression -> EPSILON ,ZArithmeticExpression -> EPSILON ,ZArithmeticExpression -> EPSILON ,ZArithmeticExpression -> EPSILON ,ZArithmeticExpression -> EPSILON ,Error ,Error ,Error ,Error ,Error ,Error ,Error ,Error ,Error ,Error ,Error ,Error ,Error ,Error ,Error ,Error ,Error ,Error ,Error ,Error ,Error ,Error ,Error ,Error ,Error ,Error ,Error ,Error ,Error ,Error ,Error ,Error ,Error ,Error ,Error ,ZArithmeticExpression -> EPSILON ,ZArithmeticExpression -> EPSILON ,Error ,Error ,Error ,Error ,Error ,
arithmeticTerm,Error ,Error ,Error ,Error ,Error ,Error ,Error ,Error ,Error ,Error ,Error ,Error ,arithmeticTerm -> arithmeticFactor ZArithmeticTerm ,Error ,Error ,Error ,Error ,Error ,Error ,Error ,Error ,Error ,Error ,Error ,arithmeticTerm -> arithmeticFactor ZArithmeticTerm ,arithmeticTerm -> arithmeticFactor ZArithmeticTerm ,arithmeticTerm -> arithmeticFactor ZArithmeticTerm ,Error ,Error ,Error ,Error ,Error ,Error ,Error ,Error ,Error ,Error ,Error ,Error ,Error ,Error ,Error ,Error ,Error ,Error ,Error ,Error ,Error ,Error ,Error ,Error ,Error ,Error ,Error ,Error ,arithmeticTerm -> arithmeticFactor ZArithmeticTerm ,arithmeticTerm -> arithmeticFactor ZArithmeticTerm ,Error ,Error ,Error ,
ZArithmeticTerm,ZArithmeticTerm -> EPSILON ,ZArithmeticTerm -> EPSILON ,ZArithmeticTerm -> 552 mulDivOp 553 arithmeticFactor 554 ZArithmeticTerm ,ZArithmeticTerm -> 552 mulDivOp 553 arithmeticFactor 554 ZArithmeticTerm ,ZArithmeticTerm -> EPSILON ,ZArithmeticTerm -> EPSILON ,Error ,Error ,ZArithmeticTerm -> EPSILON ,Error ,Error ,Error ,Error ,ZArithmeticTerm -> EPSILON ,ZArithmeticTerm -> EPSILON ,ZArithmeticTerm -> EPSILON ,ZArithmeticTerm -> EPSILON ,ZArithmeticTerm -> EPSILON ,Error ,Error ,Error ,Error ,Error ,Error ,Error ,Error ,Error ,Error ,Error ,Error ,Error ,Error ,Error ,Error ,Error ,Error ,Error ,Error ,Error ,Error ,Error ,Error ,Error ,Error ,Error ,Error ,Error ,Error ,Error ,Error ,Error ,Error ,Error ,ZArithmeticTerm -> EPSILON ,ZArithmeticTerm -> EPSILON ,Error ,Error ,Error ,Error ,Error ,
arithmeticFactor,Error ,Error ,Error ,Error ,Error ,Error ,Error ,Error ,Error ,Error ,Error ,Error ,arithmeticFactor -> BO arithmeticOrBooleanExpression BC ,Error ,Error ,Error ,Error ,Error ,Error ,Error ,Error ,Error ,Error ,Error ,arithmeticFactor -> 555 ID arrayBracket ,arithmeticFactor -> 549 NUM ,arithmeticFactor -> 550 RNUM ,Error ,Error ,Error ,Error ,Error ,Error ,Error ,Error ,Error ,Error ,Error ,Error ,Error ,Error ,Error ,Error ,Error ,Error ,Error ,Error ,Error ,Error ,Error ,Error ,Error ,Error ,Error ,Error ,arithmeticFactor -> 551 booleanConstant ,arithmeticFactor -> 551 booleanConstant ,Error ,Error ,Error ,
logicalOperator,Error ,Error ,Error ,Error ,Error ,Error ,Error ,Error ,Error ,Error ,Error ,Error ,Error ,Error ,Error ,Error ,Error ,Error ,Error ,Error ,Error ,Error ,Error ,Error ,Error ,Error ,Error ,Error ,Error ,Error ,Error ,Error ,Error ,Error ,Error ,Error ,Error ,Error ,Error ,Error ,Error ,Error ,Error ,Error ,Error ,Error ,Error ,Error ,Error ,Error ,Error ,Error ,Error ,logicalOperator -> AND ,logicalOperator -> OR ,Error ,Error ,Error ,Error ,Error ,
relationalOperator,Error ,Error ,Error ,Error ,relationalOperator -> 552 LT ,relationalOperator -> 552 GT ,Error ,Error ,Error ,Error ,Error ,Error ,Error ,Error ,relationalOperator -> 552 LE ,relationalOperator -> 552 GE ,relationalOperator -> 552 EQ ,relationalOperator -> 552 NE ,Error ,Error ,Error ,Error ,Error ,Error ,Error ,Error ,Error ,Error ,Error ,Error ,Error ,Error ,Error ,Error ,Error ,Error ,Error ,Error ,Error ,Error ,Error ,Error ,Error ,Error ,Error ,Error ,Error ,Error ,Error ,Error ,Error ,Error ,Error ,Error ,Error ,Error ,Error ,Error ,Error ,Error ,
caseStatement,Error ,Error ,Error ,Error ,Error ,Error ,Error ,Error ,Error ,Error ,Error ,Error ,Error ,Error ,Error ,Error ,Error ,Error ,Error ,Error ,Error ,Error ,Error ,Error ,Error ,Error ,Error ,Error ,Error ,Error ,Error ,Error ,Error ,Error ,Error ,Error ,Error ,Error ,Error ,Error ,Error ,Error ,Error ,Error ,Error ,Error ,Error ,Error ,Error ,caseStatement -> CASE 513 caseValue COLON 516 statements 517 BREAK SEMICOLON ,Error ,Error ,Error ,Error ,Error ,Error ,Error ,Error ,Error ,Error ,
default1,Error ,Error ,Error ,Error ,Error ,Error ,Error ,Error ,Error ,Error ,Error ,Error ,Error ,Error ,Error ,Error ,Error ,Error ,Error ,Error ,Error ,Error ,Error ,Error ,Error ,Error ,Error ,Error ,Error ,Error ,Error ,Error ,Error ,default1 -> EPSILON ,Error ,Error ,Error ,Error ,Error ,Error ,Error ,Error ,Error ,Error ,Error ,Error ,Error ,Error ,Error ,Error ,Error ,default1 -> DEFAULT 518 COLON statements BREAK 519 SEMICOLON ,Error ,Error ,Error ,Error ,Error ,Error ,Error ,Error ,
caseValue,Error ,Error ,Error ,Error ,Error ,Error ,Error ,Error ,Error ,Error ,Error ,Error ,Error ,Error ,Error ,Error ,Error ,Error ,Error ,Error ,Error ,Error ,Error ,Error ,Error ,caseValue -> 514 NUM ,Error ,Error ,Error ,Error ,Error ,Error ,Error ,Error ,Error ,Error ,Error ,Error ,Error ,Error ,Error ,Error ,Error ,Error ,Error ,Error ,Error ,Error ,Error ,Error ,Error ,Error ,Error ,Error ,Error ,caseValue -> 515 TRUE ,caseValue -> 515 FALSE ,Error ,Error ,Error ,
caseStatements,Error ,Error ,Error ,Error ,Error ,Error ,Error ,Error ,Error ,Error ,Error ,Error ,Error ,Error ,Error ,Error ,Error ,Error ,Error ,Error ,Error ,Error ,Error ,Error ,Error ,Error ,Error ,Error ,Error ,Error ,Error ,Error ,Error ,caseStatements -> EPSILON ,Error ,Error ,Error ,Error ,Error ,Error ,Error ,Error ,Error ,Error ,Error ,Error ,Error ,Error ,Error ,caseStatements -> caseStatement caseStatements ,Error ,caseStatements -> EPSILON ,Error ,Error ,Error ,Error ,Error ,Error ,Error ,Error ,
addSubOp,addSubOp -> PLUS ,addSubOp -> MINUS ,Error ,Error ,Error ,Error ,Error ,Error ,Error ,Error ,Error ,Error ,Error ,Error ,Error ,Error ,Error ,Error ,Error ,Error ,Error ,Error ,Error ,Error ,Error ,Error ,Error ,Error ,Error ,Error ,Error ,Error ,Error ,Error ,Error ,Error ,Error ,Error ,Error ,Error ,Error ,Error ,Error ,Error ,Error ,Error ,Error ,Error ,Error ,Error ,Error ,Error ,Error ,Error ,Error ,Error ,Error ,Error ,Error ,Error ,
mulDivOp,Error ,Error ,mulDivOp -> MUL ,mulDivOp -> DIV ,Error ,Error ,Error ,Error ,Error ,Error ,Error ,Error ,Error ,Error ,Error ,Error ,Error ,Error ,Error ,Error ,Error ,Error ,Error ,Error ,Error ,Error ,Error ,Error ,Error ,Error ,Error ,Error ,Error ,Error ,Error ,Error ,Error ,Error ,Error ,Error ,Error ,Error ,Error ,Error ,Error ,Error ,Error ,Error ,Error ,Error ,Error ,Error ,Error ,Error ,Error ,Error ,Error ,Error ,Error ,Error ,
Sign,Sign -> PLUS ,Sign -> MINUS ,Error ,Error ,Error ,Error ,Error ,Error ,Error ,Error ,Error ,Error ,Sign -> EPSILON ,Error ,Error ,Error ,Error ,Error ,Error ,Error ,Error ,Error ,Error ,Error ,Sign -> EPSILON ,Sign -> EPSILON ,Sign -> EPSILON ,Error ,Error ,Error ,Error ,Error ,Error ,Error ,Error ,Error ,Error ,Error ,Error ,Error ,Error ,Error ,Error ,Error ,Error ,Error ,Error ,Error ,Error ,Error ,Error ,Error ,Error ,Error ,Error ,Sign -> EPSILON ,Sign -> EPSILON ,Error ,Error ,Error ,
ZIdList,Error ,Error ,Error ,Error ,Error ,Error ,ZIdList -> EPSILON ,Error ,Error ,ZIdList -> COMMA 562 ID ZIdList ,Error ,ZIdList -> EPSILON ,Error ,Error ,Error ,Error ,Error ,Error ,Error ,Error ,Error ,Error ,Error ,Error ,Error ,Error ,Error ,Error ,Error ,Error ,Error ,Error ,Error ,Error ,Error ,Error ,Error ,Error ,Error ,Error ,Error ,Error ,Error ,Error ,Error ,Error ,Error ,Error ,Error ,Error ,Error ,Error ,Error ,Error ,Error ,Error ,Error ,Error ,Error ,Error ,
numOrId,Error ,Error ,Error ,Error ,Error ,Error ,Error ,Error ,Error ,Error ,Error ,Error ,Error ,Error ,Error ,Error ,Error ,Error ,Error ,Error ,Error ,Error ,Error ,Error ,numOrId -> ID ,numOrId -> NUM ,Error ,Error ,Error ,Error ,Error ,Error ,Error ,Error ,Error ,Error ,Error ,Error ,Error ,Error ,Error ,Error ,Error ,Error ,Error ,Error ,Error ,Error ,Error ,Error ,Error ,Error ,Error ,Error ,Error ,Error ,Error ,Error ,Error ,Error ,
remainingRange,Error ,Error ,Error ,Error ,Error ,Error ,Error ,Error ,Error ,Error ,Error ,Error ,Error ,Error ,Error ,Error ,Error ,Error ,Error ,Error ,Error ,Error ,Error ,Error ,remainingRange -> 529 numOrId RANGEOP 530 Sign 531 numOrId ,remainingRange -> 529 numOrId RANGEOP 530 Sign 531 numOrId ,Error ,Error ,Error ,Error ,Error ,Error ,Error ,Error ,Error ,Error ,Error ,Error ,Error ,Error ,Error ,Error ,Error ,Error ,Error ,Error ,Error ,Error ,Error ,Error ,Error ,Error ,Error ,Error ,Error ,Error ,Error ,Error ,Error ,Error ,
forRange,forRange -> 544 Sign 545 NUM RANGEOP 546 Sign 547 NUM ,forRange -> 544 Sign 545 NUM RANGEOP 546 Sign 547 NUM ,Error ,Error ,Error ,Error ,Error ,Error ,Error ,Error ,Error ,Error ,Error ,Error ,Error ,Error ,Error ,Error ,Error ,Error ,Error ,Error ,Error ,Error ,Error ,forRange -> 544 Sign 545 NUM RANGEOP 546 Sign 547 NUM ,Error ,Error ,Error ,Error ,Error ,Error ,Error ,Error ,Error ,Error ,Error ,Error ,Error ,Error ,Error ,Error ,Error ,Error ,Error ,Error ,Error ,Error ,Error ,Error ,Error ,Error ,Error ,Error ,Error ,Error ,Error ,Error ,Error ,Error ,
arithmeticOrBooleanExpression,Error ,Error ,Error ,Error ,Error ,Error ,Error ,Error ,Error ,Error ,Error ,Error ,arithmeticOrBooleanExpression -> booleanTerm ZArithmeticOrBooleanExpression ,Error ,Error ,Error ,Error ,Error ,Error ,Error ,Error ,Error ,Error ,Error ,arithmeticOrBooleanExpression -> booleanTerm ZArithmeticOrBooleanExpression ,arithmeticOrBooleanExpression -> booleanTerm ZArithmeticOrBooleanExpression ,arithmeticOrBooleanExpression -> booleanTerm ZArithmeticOrBooleanExpression ,Error ,Error ,Error ,Error ,Error ,Error ,Error ,Error ,Error ,Error ,Error ,Error ,Error ,Error ,Error ,Error ,Error ,Error ,Error ,Error ,Error ,Error ,Error ,Error ,Error ,Error ,Error ,Error ,arithmeticOrBooleanExpression -> booleanTerm ZArithmeticOrBooleanExpression ,arithmeticOrBooleanExpression -> booleanTerm ZArithmeticOrBooleanExpression ,Error ,Error ,Error ,
unaryExpression,unaryExpression -> 558 unaryOperator unaryTerm 559 ,unaryExpression -> 558 unaryOperator unaryTerm 559 ,Error ,Error ,Error ,Error ,Error ,Error ,Error ,Error ,Error ,Error ,Error ,Error ,Error ,Error ,Error ,Error ,Error ,Error ,Error ,Error ,Error ,Error ,Error ,Error ,Error ,Error ,Error ,Error ,Error ,Error ,Error ,Error ,Error ,Error ,Error ,Error ,Error ,Error ,Error ,Error ,Error ,Error ,Error ,Error ,Error ,Error ,Error ,Error ,Error ,Error ,Error ,Error ,Error ,Error ,Error ,Error ,Error ,Error ,
unaryOperator,unaryOperator -> PLUS ,unaryOperator -> MINUS ,Error ,Error ,Error ,Error ,Error ,Error ,Error ,Error ,Error ,Error ,Error ,Error ,Error ,Error ,Error ,Error ,Error ,Error ,Error ,Error ,Error ,Error ,Error ,Error ,Error ,Error ,Error ,Error ,Error ,Error ,Error ,Error ,Error ,Error ,Error ,Error ,Error ,Error ,Error ,Error ,Error ,Error ,Error ,Error ,Error ,Error ,Error ,Error ,Error ,Error ,Error ,Error ,Error ,Error ,Error ,Error ,Error ,Error ,
unaryTerm,Error ,Error ,Error ,Error ,Error ,Error ,Error ,Error ,Error ,Error ,Error ,Error ,unaryTerm -> BO arithmeticExpression BC ,Error ,Error ,Error ,Error ,Error ,Error ,Error ,Error ,Error ,Error ,Error ,unaryTerm -> 584 numOrId ,unaryTerm -> 584 numOrId ,unaryTerm -> 550 RNUM ,Error ,Error ,Error ,Error ,Error ,Error ,Error ,Error ,Error ,Error ,Error ,Error ,Error ,Error ,Error ,Error ,Error ,Error ,Error ,Error ,Error ,Error ,Error ,Error ,Error ,Error ,Error ,Error ,Error ,Error ,Error ,Error ,Error ,
booleanTerm,Error ,Error ,Error ,Error ,Error ,Error ,Error ,Error ,Error ,Error ,Error ,Error ,booleanTerm -> arithmeticExpression ZBooleanTerm ,Error ,Error ,Error ,Error ,Error ,Error ,Error ,Error ,Error ,Error ,Error ,booleanTerm -> arithmeticExpression ZBooleanTerm ,booleanTerm -> arithmeticExpression ZBooleanTerm ,booleanTerm -> arithmeticExpression ZBooleanTerm ,Error ,Error ,Error ,Error ,Error ,Error ,Error ,Error ,Error ,Error ,Error ,Error ,Error ,Error ,Error ,Error ,Error ,Error ,Error ,Error ,Error ,Error ,Error ,Error ,Error ,Error ,Error ,Error ,booleanTerm -> arithmeticExpression ZBooleanTerm ,booleanTerm -> arithmeticExpression ZBooleanTerm ,Error ,Error ,Error ,
ZArithmeticOrBooleanExpression,Error ,Error ,Error ,Error ,Error ,Error ,Error ,Error ,ZArithmeticOrBooleanExpression -> EPSILON ,Error ,Error ,Error ,Error ,ZArithmeticOrBooleanExpression -> EPSILON ,Error ,Error ,Error ,Error ,Error ,Error ,Error ,Error ,Error ,Error ,Error ,Error ,Error ,Error ,Error ,Error ,Error ,Error ,Error ,Error ,Error ,Error ,Error ,Error ,Error ,Error ,Error ,Error ,Error ,Error ,Error ,Error ,Error ,Error ,Error ,Error ,Error ,Error ,Error ,ZArithmeticOrBooleanExpression -> 552 logicalOperator 553 booleanTerm 554 ZArithmeticOrBooleanExpression ,ZArithmeticOrBooleanExpression -> 552 logicalOperator 553 booleanTerm 554 ZArithmeticOrBooleanExpression ,Error ,Error ,Error ,Error ,Error ,
ZBooleanTerm,Error ,Error ,Error ,Error ,ZBooleanTerm -> relationalOperator 553 arithmeticExpression 554 ,ZBooleanTerm -> relationalOperator 553 arithmeticExpression 554 ,Error ,Error ,ZBooleanTerm -> EPSILON ,Error ,Error ,Error ,Error ,ZBooleanTerm -> EPSILON ,ZBooleanTerm -> relationalOperator 553 arithmeticExpression 554 ,ZBooleanTerm -> relationalOperator 553 arithmeticExpression 554 ,ZBooleanTerm -> relationalOperator 553 arithmeticExpression 554 ,ZBooleanTerm -> relationalOperator 553 arithmeticExpression 554 ,Error ,Error ,Error ,Error ,Error ,Error ,Error ,Error ,Error ,Error ,Error ,Error ,Error ,Error ,Error ,Error ,Error ,Error ,Error ,Error ,Error ,Error ,Error ,Error ,Error ,Error ,Error ,Error ,Error ,Error ,Error ,Error ,Error ,Error ,Error ,ZBooleanTerm -> EPSILON ,ZBooleanTerm -> EPSILON ,Error ,Error ,Error ,Error ,Error ,
itemInPrint,Error ,Error ,Error ,Error ,Error ,Error ,Error ,Error ,Error ,Error ,Error ,Error ,Error ,Error ,Error ,Error ,Error ,Error ,Error ,Error ,Error ,Error ,Error ,Error ,itemInPrint -> 555 ID Prarr 585 ,itemInPrint -> 507 NUM ,itemInPrint -> 508 RNUM ,Error ,Error ,Error ,Error ,Error ,Error ,Error ,Error ,Error ,Error ,Error ,Error ,Error ,Error ,Error ,Error ,Error ,Error ,Error ,Error ,Error ,Error ,Error ,Error ,Error ,Error ,Error ,Error ,itemInPrint -> 509 booleanConstant ,itemInPrint -> 509 booleanConstant ,Error ,Error ,Error ,
Prarr,Error ,Error ,Error ,Error ,Error ,Error ,Error ,Error ,Error ,Error ,Prarr -> 556 SQBO 578 Sign 584 numOrId 557 SQBC ,Error ,Error ,Prarr -> EPSILON ,Error ,Error ,Error ,Error ,Error ,Error ,Error ,Error ,Error ,Error ,Error ,Error ,Error ,Error ,Error ,Error ,Error ,Error ,Error ,Error ,Error ,Error ,Error ,Error ,Error ,Error ,Error ,Error ,Error ,Error ,Error ,Error ,Error ,Error ,Error ,Error ,Error ,Error ,Error ,Error ,Error ,Error ,Error ,Error ,Error ,Error ,
arrayBracket,arrayBracket -> EPSILON ,arrayBracket -> EPSILON ,arrayBracket -> EPSILON ,arrayBracket -> EPSILON ,arrayBracket -> EPSILON ,arrayBracket -> EPSILON ,Error ,Error ,arrayBracket -> EPSILON ,arrayBracket -> EPSILON ,arrayBracket -> 556 SQBO arrayIndex 557 SQBC ,Error ,Error ,arrayBracket -> EPSILON ,arrayBracket -> EPSILON ,arrayBracket -> EPSILON ,arrayBracket -> EPSILON ,arrayBracket -> EPSILON ,Error ,Error ,Error ,Error ,Error ,Error ,Error ,Error ,Error ,Error ,Error ,Error ,Error ,Error ,Error ,Error ,Error ,Error ,Error ,Error ,Error ,Error ,Error ,Error ,Error ,Error ,Error ,Error ,Error ,Error ,Error ,Error ,Error ,Error ,Error ,arrayBracket -> EPSILON ,arrayBracket -> EPSILON ,Error ,Error ,Error ,Error ,Error ,
parameterList,parameterList -> 578 Sign K Zparal ,parameterList -> 578 Sign K Zparal ,Error ,Error ,Error ,Error ,Error ,Error ,Error ,Error ,Error ,Error ,Error ,Error ,Error ,Error ,Error ,Error ,Error ,Error ,Error ,Error ,Error ,Error ,parameterList -> 578 Sign K Zparal ,parameterList -> 578 Sign K Zparal ,parameterList -> 578 Sign K Zparal ,Error ,Error ,Error ,Error ,Error ,Error ,Error ,Error ,Error ,Error ,Error ,Error ,Error ,Error ,Error ,Error ,Error ,Error ,Error ,Error ,Error ,Error ,Error ,Error ,Error ,Error ,Error ,Error ,Error ,Error ,Error ,Error ,Error ,
Zparal,Error ,Error ,Error ,Error ,Error ,Error ,Error ,Error ,Zparal -> EPSILON ,Zparal -> COMMA 578 Sign K Zparal ,Error ,Error ,Error ,Error ,Error ,Error ,Error ,Error ,Error ,Error ,Error ,Error ,Error ,Error ,Error ,Error ,Error ,Error ,Error ,Error ,Error ,Error ,Error ,Error ,Error ,Error ,Error ,Error ,Error ,Error ,Error ,Error ,Error ,Error ,Error ,Error ,Error ,Error ,Error ,Error ,Error ,Error ,Error ,Error ,Error ,Error ,Error ,Error ,Error ,Error ,
K,Error ,Error ,Error ,Error ,Error ,Error ,Error ,Error ,Error ,Error ,Error ,Error ,Error ,Error ,Error ,Error ,Error ,Error ,Error ,Error ,Error ,Error ,Error ,Error ,K -> 581 ID arrayBracket 583 ,K -> 579 NUM ,K -> 580 RNUM ,Error ,Error ,Error ,Error ,Error ,Error ,Error ,Error ,Error ,Error ,Error ,Error ,Error ,Error ,Error ,Error ,Error ,Error ,Error ,Error ,Error ,Error ,Error ,Error ,Error ,Error ,Error ,Error ,Error ,Error ,Error ,Error ,Error ,
iplDataType,Error ,Error ,Error ,Error ,Error ,Error ,Error ,Error ,Error ,Error ,Error ,Error ,Error ,Error ,Error ,Error ,Error ,Error ,Error ,Error ,Error ,Error ,Error ,Error ,Error ,Error ,Error ,iplDataType -> 526 dataType ,iplDataType -> 526 dataType ,iplDataType -> 526 dataType ,Error ,iplDataType -> arrayDataType ,Error ,Error ,Error ,Error ,Error ,Error ,Error ,Error ,Error ,Error ,Error ,Error ,Error ,Error ,Error ,Error ,Error ,Error ,Error ,Error ,Error ,Error ,Error ,Error ,Error ,Error ,Error ,Error ,
idlDataType,Error ,Error ,Error ,Error ,Error ,Error ,Error ,Error ,Error ,Error ,Error ,Error ,Error ,Error ,Error ,Error ,Error ,Error ,Error ,Error ,Error ,Error ,Error ,Error ,Error ,Error ,Error ,idlDataType -> 563 dataType ,idlDataType -> 563 dataType ,idlDataType -> 563 dataType ,Error ,idlDataType -> idlArrayDataType ,Error ,Error ,Error ,Error ,Error ,Error ,Error ,Error ,Error ,Error ,Error ,Error ,Error ,Error ,Error ,Error ,Error ,Error ,Error ,Error ,Error ,Error ,Error ,Error ,Error ,Error ,Error ,Error ,
idlArrayDataType,Error ,Error ,Error ,Error ,Error ,Error ,Error ,Error ,Error ,Error ,Error ,Error ,Error ,Error ,Error ,Error ,Error ,Error ,Error ,Error ,Error ,Error ,Error ,Error ,Error ,Error ,Error ,Error ,Error ,Error ,Error ,idlArrayDataType -> 564 ARRAY SQBO range SQBC OF 565 dataType 566 ,Error ,Error ,Error ,Error ,Error ,Error ,Error ,Error ,Error ,Error ,Error ,Error ,Error ,Error ,Error ,Error ,Error ,Error ,Error ,Error ,Error ,Error ,Error ,Error ,Error ,Error ,Error ,Error ,
